Outcome,Model_Type,CV_Cindex,OOF_Cindex,n_estimators,max_depth,learning_rate,min_child_weight,subsample,colsample_bytree
OS,cox,0.6190826819359725,0.6188010111171733,300,7,0.01,1,0.8,0.8
NRM,cox,0.626966541197446,0.6267458770017669,300,7,0.01,1,0.7,0.8
Relapse,aft,0.5744823052217894,0.574125623067746,100,3,0.05,1,0.8,0.8
cGVHD,fine_gray,0.5630371825172102,0.5630070418744497,200,7,0.1,1,0.7,0.8
